_id,consulta,respuesta.nombre,respuesta.posicion,respuesta.altura_metros,respuesta.peso_libras,respuesta.equipo_id,respuesta.estadisticas,respuesta.nombre_equipo,respuesta.abreviacion_equipo,respuesta.ciudad_equipo,respuesta.conferencia_equipo,respuesta.division_equipo,respuesta.partidos_jugados,respuesta.minutos_jugados_promedio_por_partido,respuesta.canasta_encestada_promedio_por_partido,respuesta.tiro_3puntos_encestados_promedio_por_partido,respuesta.tiros_libres_encestados_promedio_por_partido,respuesta.rebotes_ofensivos_promedio_por_partido,respuesta.rebotes_defensivos_promedio_por_partido,respuesta.asistencias_promedio_por_partido,respuesta.recuperacion_balon_promedio_por_partido,respuesta.tiros_taponados_promedio_por_partido,respuesta.perdida_balon_promedio_por_partido,respuesta.faltas_personales_promedio_por_partido,respuesta.puntos_anotados_promedio_por_partido,respuesta.porcentaje_tiros_encestados
64e618409d80c6f3e1d0b150,michael jordan,Michael Jordan,,No se dispone de esta información,,5,No se dispone de las estadisticas de este jugador en la temporada actual,Chicago Bulls,CHI,Chicago,East,Central,,,,,,,,,,,,,,
64e618429d80c6f3e1d0b151,lebron james,LeBron James,Alero,2.03,250,14,,Los Angeles Lakers,LAL,Los Angeles,West,Pacific,56,35:42,11.09,2.21,4.54,1.18,7.16,6.8,0.91,0.61,3.27,1.66,28.93,0.501
64e618449d80c6f3e1d0b152,kareem abdul-jabbar,Kareem Abdul-Jabbar,,No se dispone de esta información,,14,No se dispone de las estadisticas de este jugador en la temporada actual,Los Angeles Lakers,LAL,Los Angeles,West,Pacific,,,,,,,,,,,,,,
64e618459d80c6f3e1d0b153,magic johnson,Magic Johnson,,No se dispone de esta información,,14,No se dispone de las estadisticas de este jugador en la temporada actual,Los Angeles Lakers,LAL,Los Angeles,West,Pacific,,,,,,,,,,,,,,
64e618469d80c6f3e1d0b154,larry bird,Larry Bird,,No se dispone de esta información,,2,No se dispone de las estadisticas de este jugador en la temporada actual,Boston Celtics,BOS,Boston,East,Atlantic,,,,,,,,,,,,,,
64e618479d80c6f3e1d0b155,shaquille o'neal,Shaquille O'Neal,,No se dispone de esta información,,22,No se dispone de las estadisticas de este jugador en la temporada actual,Orlando Magic,ORL,Orlando,East,Southeast,,,,,,,,,,,,,,
64e618499d80c6f3e1d0b156,tim duncan,Tim Duncan,Alero,No se dispone de esta información,,27,No se dispone de las estadisticas de este jugador en la temporada actual,San Antonio Spurs,SAS,San Antonio,West,Southwest,,,,,,,,,,,,,,
64e6184a9d80c6f3e1d0b157,kobe bryant,Kobe Bryant,,No se dispone de esta información,,14,No se dispone de las estadisticas de este jugador en la temporada actual,Los Angeles Lakers,LAL,Los Angeles,West,Pacific,,,,,,,,,,,,,,
64e6184b9d80c6f3e1d0b158,wilt chamberlain,Wilt Chamberlain,,No se dispone de esta información,,10,No se dispone de las estadisticas de este jugador en la temporada actual,Golden State Warriors,GSW,Golden State,West,Pacific,,,,,,,,,,,,,,
64e6184d9d80c6f3e1d0b159,bill russell,Bill Russell,,No se dispone de esta información,,2,No se dispone de las estadisticas de este jugador en la temporada actual,Boston Celtics,BOS,Boston,East,Atlantic,,,,,,,,,,,,,,
64e6184e9d80c6f3e1d0b15a,yao ming,Yao Ming,,No se dispone de esta información,,11,No se dispone de las estadisticas de este jugador en la temporada actual,Houston Rockets,HOU,Houston,West,Southwest,,,,,,,,,,,,,,
64e6184f9d80c6f3e1d0b15b,manute bol,Manute Bol,,No se dispone de esta información,,23,No se dispone de las estadisticas de este jugador en la temporada actual,Philadelphia 76ers,PHI,Philadelphia,East,Atlantic,,,,,,,,,,,,,,
64e618509d80c6f3e1d0b15c,muggsy bogues,Muggsy Bogues,,No se dispone de esta información,,4,No se dispone de las estadisticas de este jugador en la temporada actual,Charlotte Hornets,CHA,Charlotte,East,Southeast,,,,,,,,,,,,,,
64e618529d80c6f3e1d0b15d,spud webb,Spud Webb,,No se dispone de esta información,,1,No se dispone de las estadisticas de este jugador en la temporada actual,Atlanta Hawks,ATL,Atlanta,East,Southeast,,,,,,,,,,,,,,
64e618539d80c6f3e1d0b15e,shawn bradley,Shawn Bradley,,No se dispone de esta información,,23,No se dispone de las estadisticas de este jugador en la temporada actual,Philadelphia 76ers,PHI,Philadelphia,East,Atlantic,,,,,,,,,,,,,,
64e618549d80c6f3e1d0b15f,ray allen,Ray Allen,Base y Escolta,No se dispone de esta información,,17,No se dispone de las estadisticas de este jugador en la temporada actual,Milwaukee Bucks,MIL,Milwaukee,East,Central,,,,,,,,,,,,,,
64e618559d80c6f3e1d0b160,stephen curry,Stephen Curry,Base y Escolta,1.91,190,10,,Golden State Warriors,GSW,Golden State,West,Pacific,56,34:39,9.98,4.88,4.59,0.7,5.39,6.29,0.93,0.36,3.2,2.09,29.43,0.493
64e618579d80c6f3e1d0b161,reggie miller,Reggie Miller,,No se dispone de esta información,,12,No se dispone de las estadisticas de este jugador en la temporada actual,Indiana Pacers,IND,Indiana,East,Central,,,,,,,,,,,,,,
64e618589d80c6f3e1d0b162,kyle korver,Kyle Korver,Alero y Base,2.01,212,17,No se dispone de las estadisticas de este jugador en la temporada actual,Milwaukee Bucks,MIL,Milwaukee,East,Central,,,,,,,,,,,,,,
64e6185a9d80c6f3e1d0b163,klay thompson,Klay Thompson,Base y Escolta,2.01,215,10,,Golden State Warriors,GSW,Golden State,West,Pacific,69,33:06,7.91,4.36,1.68,0.57,3.58,2.36,0.71,0.42,1.78,1.88,21.87,0.436
64e618609d80c6f3e1d0b164,dwyane wade,Dwyane Wade,Base y Escolta,1.93,220,16,No se dispone de las estadisticas de este jugador en la temporada actual,Miami Heat,MIA,Miami,East,Southeast,,,,,,,,,,,,,,
64e618629d80c6f3e1d0b165,charles barkley,Charles Barkley,,No se dispone de esta información,,23,No se dispone de las estadisticas de este jugador en la temporada actual,Philadelphia 76ers,PHI,Philadelphia,East,Atlantic,,,,,,,,,,,,,,
64e618639d80c6f3e1d0b166,patrick ewing,Patrick Ewing,,No se dispone de esta información,,19,No se dispone de las estadisticas de este jugador en la temporada actual,New Orleans Pelicans,NOP,New Orleans,West,Southwest,,,,,,,,,,,,,,
64e618649d80c6f3e1d0b167,david robinson,David Robinson,,No se dispone de esta información,,27,No se dispone de las estadisticas de este jugador en la temporada actual,San Antonio Spurs,SAS,San Antonio,West,Southwest,,,,,,,,,,,,,,
64e618659d80c6f3e1d0b168,devin booker,Devin Booker,Base y Escolta,1.98,210,24,,Phoenix Suns,PHX,Phoenix,West,Pacific,53,34:37,9.94,2.09,5.77,0.87,3.66,5.53,0.96,0.34,2.74,3,27.75,0.494
64e618679d80c6f3e1d0b169,jayson tatum,Jayson Tatum,Alero,2.03,208,2,,Boston Celtics,BOS,Boston,East,Atlantic,74,36:55,9.82,3.24,7.18,1.05,7.72,4.62,1.05,0.69,2.88,2.16,30.07,0.466
64e618689d80c6f3e1d0b16a,bradley beal,Bradley Beal,Base y Escolta,1.96,207,30,,Washington Wizards,WAS,Washington,East,Southeast,50,33:32,8.88,1.6,3.84,0.82,3.1,5.42,0.9,0.66,2.9,2.14,23.2,0.506
64e6186b9d80c6f3e1d0b16b,zion williamson,Zion Williamson,Alero,No se dispone de esta información,,19,,New Orleans Pelicans,NOP,New Orleans,West,Southwest,29,33:02,9.83,0.24,6.1,2,4.97,4.59,1.1,0.55,3.41,2.24,26,0.608
64e6186c9d80c6f3e1d0b16c,karl-anthony towns,Karl-Anthony Towns,Pívot,2.13,248,18,,Minnesota Timberwolves,MIN,Minnesota,West,Northwest,31,33:07,7.45,2.03,4.16,1.68,6.65,4.77,0.65,0.74,2.87,3.81,21.1,0.507
64e6186e9d80c6f3e1d0b16d,trae young,Trae Young,Base y Escolta,1.88,180,1,,Atlanta Hawks,ATL,Atlanta,East,Southeast,74,34:51,8.18,2.09,7.76,0.77,2.27,10.11,1.08,0.12,4.12,1.42,26.2,0.43
64e6186f9d80c6f3e1d0b16e,ben simmons,Ben Simmons,Alero y Base,2.08,230,3,,Brooklyn Nets,BKN,Brooklyn,East,Atlantic,42,26:21,3.17,0,0.6,0.95,5.31,6.1,1.29,0.57,2.31,3.31,6.93,0.566
64e618709d80c6f3e1d0b16f,jimmy butler,Jimmy Butler,Alero y Base,2.03,232,16,,Miami Heat,MIA,Miami,East,Southeast,66,33:35,7.52,0.55,7.42,2.17,3.65,5.33,1.83,0.33,1.61,1.26,23,0.533
64e618729d80c6f3e1d0b170,khris middleton,Khris Middleton,Alero,2.03,222,17,,Milwaukee Bucks,MIL,Milwaukee,East,Central,33,24:16,5.36,1.55,2.79,0.85,3.39,4.94,0.73,0.15,2.15,2.06,15.06,0.436
64e618739d80c6f3e1d0b171,rudy gobert,Rudy Gobert,Pívot,2.16,245,18,,Minnesota Timberwolves,MIN,Minnesota,West,Northwest,71,30:40,5.15,0,3.21,3.31,8.3,1.25,0.79,1.34,1.75,2.97,13.52,0.657
64e618749d80c6f3e1d0b172,de'aaron fox,De'Aaron Fox,Base y Escolta,1.91,175,26,,Sacramento Kings,SAC,Sacramento,West,Pacific,73,33:23,9.34,1.63,4.7,0.55,3.64,6.12,1.14,0.32,2.48,2.36,25.01,0.512
64e618759d80c6f3e1d0b173,shai gilgeous-alexander,Shai Gilgeous-Alexander,Base y Escolta,1.98,181,21,,Oklahoma City Thunder,OKC,Oklahoma City,West,Northwest,70,35:36,10.29,0.86,9.84,0.9,3.97,5.39,1.66,0.99,2.79,2.86,31.27,0.506
64e618769d80c6f3e1d0b174,lamelo ball,LaMelo Ball,Base y Escolta,No se dispone de esta información,,4,,Charlotte Hornets,CHA,Charlotte,East,Southeast,36,35:16,8.22,4,2.83,1.17,5.25,8.44,1.28,0.31,3.58,3.28,23.28,0.411
64e618789d80c6f3e1d0b175,deandre ayton,Deandre Ayton,Pívot,2.16,250,24,,Phoenix Suns,PHX,Phoenix,West,Pacific,67,30:24,7.79,0.1,2.27,2.57,7.39,1.72,0.55,0.79,1.79,2.84,17.96,0.589
64e618799d80c6f3e1d0b176,michael porter jr.,Michael Porter Jr.,Alero,2.08,210,8,,Denver Nuggets,DEN,Denver,West,Northwest,62,29:00,6.42,3.03,1.55,1.03,4.47,1.05,0.6,0.47,1.1,1.92,17.42,0.487
64e6187a9d80c6f3e1d0b177,bam adebayo,Bam Adebayo,Alero y Pivot,2.08,255,16,,Miami Heat,MIA,Miami,East,Southeast,77,34:45,7.9,0.01,4.31,2.47,6.81,3.22,1.19,0.83,2.48,2.77,20.12,0.536
64e6189d9d80c6f3e1d0b178,nickeil alexander-walker,Nickeil Alexander-Walker,Base y Escolta,No se dispone de esta información,,18,,Minnesota Timberwolves,MIN,Minnesota,West,Northwest,61,15:29,2.3,1.05,0.69,0.25,1.54,1.9,0.59,0.38,0.93,1.54,6.33,0.452
64e6189e9d80c6f3e1d0b179,miles bridges,Miles Bridges,Alero,2.01,225,4,No se dispone de las estadisticas de este jugador en la temporada actual,Charlotte Hornets,CHA,Charlotte,East,Southeast,,,,,,,,,,,,,,
64e618a09d80c6f3e1d0b17a,kevin porter jr.,Kevin Porter Jr.,Base y Escolta,No se dispone de esta información,,11,,Houston Rockets,HOU,Houston,West,Southwest,59,34:20,6.63,2.39,3.51,1.29,4.03,5.73,1.39,0.29,3.19,2.64,19.15,0.442
64e618a19d80c6f3e1d0b17b,danilo gallinari,Danilo Gallinari,Alero,2.08,225,2,No se dispone de las estadisticas de este jugador en la temporada actual,Boston Celtics,BOS,Boston,East,Atlantic,,,,,,,,,,,,,,
64e618a39d80c6f3e1d0b17c,gary trent jr.,Gary Trent Jr.,Base y Escolta,No se dispone de esta información,,25,No se dispone de las estadisticas de este jugador en la temporada actual,Portland Trail Blazers,POR,Portland,West,Northwest,,,,,,,,,,,,,,
64e618a49d80c6f3e1d0b17d,daniel theis,Daniel Theis,Alero,2.03,243,12,,Indiana Pacers,IND,Indiana,East,Central,7,15:25,3,0.29,0.71,1,2.14,1.29,0.29,0.86,0.43,1,7,0.477
64e618a59d80c6f3e1d0b17e,joe ingles,Joe Ingles,Alero,2.03,226,17,,Milwaukee Bucks,MIL,Milwaukee,East,Central,46,22:36,2.35,1.8,0.39,0.28,2.5,3.26,0.72,0.13,1.2,1.61,6.89,0.435
64e618a79d80c6f3e1d0b17f,jaren jackson jr.,Jaren Jackson Jr.,Alero y Pivot,2.11,242,15,,Memphis Grizzlies,MEM,Memphis,West,Southwest,63,28:24,6.6,1.59,3.83,1.71,5.05,0.95,1.03,3,1.7,3.6,18.62,0.506
64e618a89d80c6f3e1d0b180,kevon looney,Kevon Looney,Alero,2.06,220,10,,Golden State Warriors,GSW,Golden State,West,Pacific,82,23:51,2.95,0,1.15,3.34,5.93,2.52,0.63,0.61,0.55,2.74,7.05,0.63
64e618aa9d80c6f3e1d0b181,darius bazley,Darius Bazley,Alero,No se dispone de esta información,,24,,Phoenix Suns,PHX,Phoenix,West,Pacific,43,14:20,1.93,0.47,0.88,0.79,2.42,0.88,0.51,0.79,0.63,1.02,5.21,0.454
64e618ab9d80c6f3e1d0b182,svi mykhailiuk,Svi Mykhailiuk,Base y Escolta,2.03,205,4,,Charlotte Hornets,CHA,Charlotte,East,Southeast,32,14:37,2.41,1.31,0.81,0.47,1.16,1.66,0.5,0.16,0.75,0.72,6.94,0.445
64e618ad9d80c6f3e1d0b183,anfernee simons,Anfernee Simons,Base y Escolta,1.93,185,25,,Portland Trail Blazers,POR,Portland,West,Northwest,62,35:04,7.53,3.42,2.58,0.29,2.31,4.08,0.68,0.23,2.06,2.29,21.06,0.447
64e618ae9d80c6f3e1d0b184,thaddeus young,Thaddeus Young,Alero,2.03,221,28,,Toronto Raptors,TOR,Toronto,East,Atlantic,54,14:45,2,0.11,0.33,1.31,1.76,1.39,1,0.09,0.78,1.63,4.44,0.545
64e618af9d80c6f3e1d0b185,kendrick nunn,Kendrick Nunn,Base y Escolta,No se dispone de esta información,,30,,Washington Wizards,WAS,Washington,East,Southeast,70,13:43,2.73,1.13,0.5,0.21,1.34,1.29,0.39,0.1,0.94,0.94,7.09,0.424
64e618b19d80c6f3e1d0b186,derrick white,Derrick White,Base y Escolta,1.93,190,2,,Boston Celtics,BOS,Boston,East,Atlantic,82,28:19,4.27,1.82,2.05,0.63,2.94,3.91,0.66,0.93,1.16,2.16,12.4,0.462
64e618b29d80c6f3e1d0b187,joe harris,Joe Harris,Alero y Base,1.98,218,3,,Brooklyn Nets,BKN,Brooklyn,East,Atlantic,74,20:37,2.72,1.92,0.24,0.31,1.91,1.36,0.46,0.18,0.55,1.89,7.59,0.457
64e618b39d80c6f3e1d0b188,norman powell,Norman Powell,Alero y Base,1.93,215,13,,LA Clippers,LAC,LA,West,Pacific,60,26:07,5.67,1.9,3.75,0.4,2.52,1.82,0.83,0.3,1.68,2.08,16.98,0.479
64e618b49d80c6f3e1d0b189,derrick favors,Derrick Favors,Alero y Pivot,2.08,265,1,No se dispone de las estadisticas de este jugador en la temporada actual,Atlanta Hawks,ATL,Atlanta,East,Southeast,,,,,,,,,,,,,,
64e618b69d80c6f3e1d0b18a,jae crowder,Jae Crowder,Alero,1.98,235,17,,Milwaukee Bucks,MIL,Milwaukee,East,Central,18,18:50,2.5,1.33,0.56,0.94,2.89,1.5,0.67,0.33,0.39,1.5,6.89,0.479
64e618b79d80c6f3e1d0b18b,robert covington,Robert Covington,Alero,2.06,225,13,No se dispone de las estadisticas de este jugador en la temporada actual,No se dispone de la informacion del equipo de este jugador,,,,,,,,,,,,,,,,,,
64e618d99d80c6f3e1d0b18c,anfernee simons,Anfernee Simons,Base y Escolta,1.93,185,25,,Portland Trail Blazers,POR,Portland,West,Northwest,62,35:04,7.53,3.42,2.58,0.29,2.31,4.08,0.68,0.23,2.06,2.29,21.06,0.447
64e618da9d80c6f3e1d0b18d,thaddeus young,Thaddeus Young,Alero,2.03,221,28,,Toronto Raptors,TOR,Toronto,East,Atlantic,54,14:45,2,0.11,0.33,1.31,1.76,1.39,1,0.09,0.78,1.63,4.44,0.545
64e618db9d80c6f3e1d0b18e,kendrick nunn,Kendrick Nunn,Base y Escolta,No se dispone de esta información,,30,,Washington Wizards,WAS,Washington,East,Southeast,70,13:43,2.73,1.13,0.5,0.21,1.34,1.29,0.39,0.1,0.94,0.94,7.09,0.424
64e618dd9d80c6f3e1d0b18f,derrick white,Derrick White,Base y Escolta,1.93,190,2,,Boston Celtics,BOS,Boston,East,Atlantic,82,28:19,4.27,1.82,2.05,0.63,2.94,3.91,0.66,0.93,1.16,2.16,12.4,0.462
64e618de9d80c6f3e1d0b190,joe harris,Joe Harris,Alero y Base,1.98,218,3,,Brooklyn Nets,BKN,Brooklyn,East,Atlantic,74,20:37,2.72,1.92,0.24,0.31,1.91,1.36,0.46,0.18,0.55,1.89,7.59,0.457
64e618df9d80c6f3e1d0b191,norman powell,Norman Powell,Alero y Base,1.93,215,13,,LA Clippers,LAC,LA,West,Pacific,60,26:07,5.67,1.9,3.75,0.4,2.52,1.82,0.83,0.3,1.68,2.08,16.98,0.479
64e618e19d80c6f3e1d0b192,derrick favors,Derrick Favors,Alero y Pivot,2.08,265,1,No se dispone de las estadisticas de este jugador en la temporada actual,Atlanta Hawks,ATL,Atlanta,East,Southeast,,,,,,,,,,,,,,
64e618e29d80c6f3e1d0b193,jae crowder,Jae Crowder,Alero,1.98,235,17,,Milwaukee Bucks,MIL,Milwaukee,East,Central,18,18:50,2.5,1.33,0.56,0.94,2.89,1.5,0.67,0.33,0.39,1.5,6.89,0.479
64e618e39d80c6f3e1d0b194,robert covington,Robert Covington,Alero,2.06,225,13,,LA Clippers,LAC,LA,West,Pacific,48,16:12,2.13,1.13,0.63,0.65,2.81,1.19,0.79,0.69,0.67,1.79,6,0.445
64e618e49d80c6f3e1d0b195,kelly oubre jr.,Kelly Oubre Jr.,Alero,2.01,205,4,,Charlotte Hornets,CHA,Charlotte,East,Southeast,48,32:16,7.35,2.25,3.29,1.35,3.83,1.13,1.42,0.38,1.33,2.94,20.25,0.431
64e618e69d80c6f3e1d0b196,joe harris,Joe Harris,Alero y Base,1.98,218,3,,Brooklyn Nets,BKN,Brooklyn,East,Atlantic,74,20:37,2.72,1.92,0.24,0.31,1.91,1.36,0.46,0.18,0.55,1.89,7.59,0.457
64e618e79d80c6f3e1d0b197,brook lopez,Brook Lopez,Pívot,2.13,270,17,,Milwaukee Bucks,MIL,Milwaukee,East,Central,78,30:23,6.12,1.74,1.91,2.01,4.65,1.27,0.46,2.47,1.37,2.6,15.88,0.531
64e618e89d80c6f3e1d0b198,seth curry,Seth Curry,Base y Escolta,1.88,185,3,,Brooklyn Nets,BKN,Brooklyn,East,Atlantic,61,19:52,3.41,1.54,0.84,0.21,1.43,1.62,0.59,0.11,0.84,1.57,9.2,0.463
64e618ea9d80c6f3e1d0b199,dwight powell,Dwight Powell,Alero y Pivot,2.11,240,7,,Dallas Mavericks,DAL,Dallas,West,Southwest,76,19:13,2.59,0,1.47,1.96,2.17,0.91,0.63,0.34,0.86,2.75,6.66,0.732
64e618eb9d80c6f3e1d0b19a,davis bertans,Davis Bertans,Alero,2.08,225,7,,Dallas Mavericks,DAL,Dallas,West,Southwest,45,10:50,1.53,1.22,0.29,0.22,0.96,0.47,0.24,0.18,0.2,1.18,4.58,0.431
64e618ec9d80c6f3e1d0b19b,derrick jones jr.,Derrick Jones Jr.,Alero y Base,2.01,200,5,,Chicago Bulls,CHI,Chicago,East,Central,66,13:37,1.74,0.41,0.94,0.91,1.41,0.52,0.44,0.56,0.38,1.3,4.83,0.5
64e618ee9d80c6f3e1d0b19c,patrick beverley,Patrick Beverley,Base y Escolta,1.85,185,5,,Chicago Bulls,CHI,Chicago,East,Central,69,27:03,2.1,1.17,0.68,0.65,3,2.88,0.93,0.61,0.88,2.83,6.06,0.393
64e618ef9d80c6f3e1d0b19d,dorian finney-smith,Dorian Finney-Smith,Alero,2.03,220,3,,Brooklyn Nets,BKN,Brooklyn,East,Atlantic,66,30:26,2.97,1.73,0.68,1.73,3.06,1.52,0.83,0.55,0.94,2.18,8.35,0.391
64e618f59d80c6f3e1d0b19e,royce o'neale,Royce O'Neale,Alero,1.98,226,3,,Brooklyn Nets,BKN,Brooklyn,East,Atlantic,76,31:41,3.01,2.14,0.66,0.72,4.33,3.72,0.84,0.64,1.5,3.14,8.83,0.386
64e618f69d80c6f3e1d0b19f,kentavious caldwell-pope,Kentavious Caldwell-Pope,Base y Escolta,1.96,205,8,,Denver Nuggets,DEN,Denver,West,Northwest,76,31:21,3.84,1.78,1.36,0.46,2.28,2.41,1.47,0.46,1.13,1.91,10.82,0.462
64e619269d80c6f3e1d0b1a0,royce o'neale,Royce O'Neale,Alero,1.98,226,3,,Brooklyn Nets,BKN,Brooklyn,East,Atlantic,76,31:41,3.01,2.14,0.66,0.72,4.33,3.72,0.84,0.64,1.5,3.14,8.83,0.386
64e619279d80c6f3e1d0b1a1,kentavious caldwell-pope,Kentavious Caldwell-Pope,Base y Escolta,1.96,205,8,,Denver Nuggets,DEN,Denver,West,Northwest,76,31:21,3.84,1.78,1.36,0.46,2.28,2.41,1.47,0.46,1.13,1.91,10.82,0.462
64e619299d80c6f3e1d0b1a2,de'anthony melton,De'Anthony Melton,Base y Escolta,1.93,200,23,,Philadelphia 76ers,PHI,Philadelphia,East,Atlantic,77,27:55,3.6,2.04,0.9,0.9,3.16,2.56,1.64,0.53,1.32,2.48,10.13,0.425
64e6192a9d80c6f3e1d0b1a3,robert covington,Robert Covington,Alero,2.06,225,13,,LA Clippers,LAC,LA,West,Pacific,48,16:12,2.13,1.13,0.63,0.65,2.81,1.19,0.79,0.69,0.67,1.79,6,0.445
64e6192c9d80c6f3e1d0b1a4,joe harris,Joe Harris,Alero y Base,1.98,218,3,,Brooklyn Nets,BKN,Brooklyn,East,Atlantic,74,20:37,2.72,1.92,0.24,0.31,1.91,1.36,0.46,0.18,0.55,1.89,7.59,0.457
64e6192d9d80c6f3e1d0b1a5,brook lopez,Brook Lopez,Pívot,2.13,270,17,,Milwaukee Bucks,MIL,Milwaukee,East,Central,78,30:23,6.12,1.74,1.91,2.01,4.65,1.27,0.46,2.47,1.37,2.6,15.88,0.531
64e6192f9d80c6f3e1d0b1a6,seth curry,Seth Curry,Base y Escolta,1.88,185,3,,Brooklyn Nets,BKN,Brooklyn,East,Atlantic,61,19:52,3.41,1.54,0.84,0.21,1.43,1.62,0.59,0.11,0.84,1.57,9.2,0.463
64e619309d80c6f3e1d0b1a7,davis bertans,Davis Bertans,Alero,2.08,225,7,,Dallas Mavericks,DAL,Dallas,West,Southwest,45,10:50,1.53,1.22,0.29,0.22,0.96,0.47,0.24,0.18,0.2,1.18,4.58,0.431
64e619319d80c6f3e1d0b1a8,kyle anderson,Kyle Anderson,Alero,2.06,230,18,,Minnesota Timberwolves,MIN,Minnesota,West,Northwest,71,28:36,3.68,0.66,1.42,0.96,4.38,4.96,1.15,0.96,1.55,2.15,9.44,0.504
64e619339d80c6f3e1d0b1a9,derrick favors,Derrick Favors,Alero y Pivot,2.08,265,1,No se dispone de las estadisticas de este jugador en la temporada actual,Atlanta Hawks,ATL,Atlanta,East,Southeast,,,,,,,,,,,,,,
64e619349d80c6f3e1d0b1aa,cody zeller,Cody Zeller,Pívot,2.13,240,16,,Miami Heat,MIA,Miami,East,Southeast,16,13:48,2.38,0,1.5,1.75,2.44,0.63,0.19,0.25,0.88,2.13,6.25,0.603
64e619359d80c6f3e1d0b1ab,jae crowder,Jae Crowder,Alero,1.98,235,17,,Milwaukee Bucks,MIL,Milwaukee,East,Central,18,18:50,2.5,1.33,0.56,0.94,2.89,1.5,0.67,0.33,0.39,1.5,6.89,0.479
64e619379d80c6f3e1d0b1ac,jaren jackson jr.,Jaren Jackson Jr.,Alero y Pivot,2.11,242,15,,Memphis Grizzlies,MEM,Memphis,West,Southwest,63,28:24,6.6,1.59,3.83,1.71,5.05,0.95,1.03,3,1.7,3.6,18.62,0.506
64e619389d80c6f3e1d0b1ad,marcus smart,Marcus Smart,Base y Escolta,1.93,220,2,,Boston Celtics,BOS,Boston,East,Atlantic,61,32:06,4.1,1.89,1.44,0.75,2.38,6.26,1.52,0.38,2.34,2.82,11.52,0.415
64e619399d80c6f3e1d0b1ae,robert williams,Robert Williams III,Alero y Pivot,2.08,240,2,,Boston Celtics,BOS,Boston,East,Atlantic,35,23:25,3.63,0,0.71,2.97,5.37,1.43,0.63,1.37,0.97,1.94,7.97,0.747
64e6193b9d80c6f3e1d0b1af,aaron gordon,Aaron Gordon,Alero,2.06,220,8,,Denver Nuggets,DEN,Denver,West,Northwest,68,30:15,6.31,0.88,2.81,2.41,4.15,2.99,0.79,0.75,1.44,1.9,16.31,0.564
64e6193c9d80c6f3e1d0b1b0,wendell carter jr.,Wendell Carter Jr.,Alero,2.08,255,22,,Orlando Magic,ORL,Orlando,East,Southeast,57,29:38,5.65,1.4,2.53,2.11,6.61,2.32,0.53,0.58,1.86,2.79,15.23,0.525
64e6193e9d80c6f3e1d0b1b1,terrence ross,Terrence Ross,Alero y Base,2.01,206,24,,Phoenix Suns,PHX,Phoenix,West,Pacific,63,21:05,3.17,1.51,0.43,0.35,2.1,1.51,0.56,0.16,0.7,1.54,8.29,0.43
64e619419d80c6f3e1d0b1b2,jonathan isaac,Jonathan Isaac,Alero,2.08,210,22,,Orlando Magic,ORL,Orlando,East,Southeast,11,11:16,2,0.55,0.45,1.36,2.64,0.55,1.27,0.36,0.36,0.45,5,0.415
64e619439d80c6f3e1d0b1b3,evan fournier,Evan Fournier,Alero y Base,2.01,205,20,,New York Knicks,NYK,New York,East,Atlantic,27,17:00,2.07,1.3,0.67,0.15,1.67,1.33,0.59,0.11,0.81,1.7,6.11,0.337
64e619509d80c6f3e1d0b1b4,demar derozan,DeMar DeRozan,Base y Escolta,2.01,220,5,,Chicago Bulls,CHI,Chicago,East,Central,76,36:24,8.89,0.61,6.14,0.49,4.17,5.12,1.11,0.5,2.05,2.53,24.54,0.504
64e619529d80c6f3e1d0b1b5,lonnie walker iv,Lonnie Walker IV,Base y Escolta,1.96,205,14,,Los Angeles Lakers,LAL,Los Angeles,West,Pacific,56,23:08,4.21,1.63,1.63,0.25,1.7,1.14,0.54,0.3,0.82,1.27,11.68,0.448
64e619539d80c6f3e1d0b1b6,keldon johnson,Keldon Johnson,Alero,No se dispone de esta información,,27,,San Antonio Spurs,SAS,San Antonio,West,Southwest,63,32:48,7.98,2.13,3.89,0.89,4.16,2.9,0.73,0.17,2.13,1.98,21.98,0.452
64e619549d80c6f3e1d0b1b7,dejounte murray,Dejounte Murray,Base y Escolta,1.96,170,1,,Atlanta Hawks,ATL,Atlanta,East,Southeast,75,36:26,8.25,1.81,2.12,0.72,4.53,6.05,1.49,0.27,2.16,1.45,20.44,0.464
64e619569d80c6f3e1d0b1b8,jakob poeltl,Jakob Poeltl,Pívot,2.13,230,28,,Toronto Raptors,TOR,Toronto,East,Atlantic,73,26:38,5.37,0,1.64,3.26,5.79,2.74,0.9,1.21,1.78,2.71,12.38,0.63
64e619579d80c6f3e1d0b1b9,devonte' graham,Devonte' Graham,Base y Escolta,1.88,185,27,,San Antonio Spurs,SAS,San Antonio,West,Southwest,73,18:19,2.21,1.63,1.34,0.26,1.41,2.68,0.62,0.22,0.73,1.08,7.38,0.374
64e6195a9d80c6f3e1d0b1ba,lamelo ball,LaMelo Ball,Base y Escolta,No se dispone de esta información,,4,,Charlotte Hornets,CHA,Charlotte,East,Southeast,36,35:16,8.22,4,2.83,1.17,5.25,8.44,1.28,0.31,3.58,3.28,23.28,0.411
64e6195b9d80c6f3e1d0b1bb,terry rozier,Terry Rozier,Base y Escolta,1.85,190,4,,Charlotte Hornets,CHA,Charlotte,East,Southeast,63,35:18,7.83,2.62,2.83,0.81,3.3,5.06,1.17,0.25,2.13,1.89,21.1,0.415
64e6195d9d80c6f3e1d0b1bc,miles bridges,Miles Bridges,Alero,2.01,225,4,No se dispone de las estadisticas de este jugador en la temporada actual,Charlotte Hornets,CHA,Charlotte,East,Southeast,,,,,,,,,,,,,,
64e6195e9d80c6f3e1d0b1bd,cody martin,Cody Martin,Alero,No se dispone de esta información,,4,,Charlotte Hornets,CHA,Charlotte,East,Southeast,7,19:17,2,0.43,0.57,1.14,2.29,1.57,0.57,0.14,0.29,1.86,5,0.389
64e6195f9d80c6f3e1d0b1be,gordon hayward,Gordon Hayward,Alero,2.03,225,4,,Charlotte Hornets,CHA,Charlotte,East,Southeast,50,31:30,5.52,1.04,2.58,0.66,3.64,4.12,0.84,0.24,1.98,1.4,14.66,0.475
64e619619d80c6f3e1d0b1bf,jaylen brown,Jaylen Brown,Base y Escolta,2.01,220,2,,Boston Celtics,BOS,Boston,East,Atlantic,67,35:56,10.13,2.43,3.93,1.16,5.69,3.46,1.12,0.39,2.94,2.57,26.63,0.491
64e619659d80c6f3e1d0b1c0,jayson tatum,Jayson Tatum,Alero,2.03,208,2,,Boston Celtics,BOS,Boston,East,Atlantic,74,36:55,9.82,3.24,7.18,1.05,7.72,4.62,1.05,0.69,2.88,2.16,30.07,0.466
64e619669d80c6f3e1d0b1c1,marcus smart,Marcus Smart,Base y Escolta,1.93,220,2,,Boston Celtics,BOS,Boston,East,Atlantic,61,32:06,4.1,1.89,1.44,0.75,2.38,6.26,1.52,0.38,2.34,2.82,11.52,0.415
64e619679d80c6f3e1d0b1c2,al horford,Al Horford,Alero y Pivot,2.08,245,2,,Boston Celtics,BOS,Boston,East,Atlantic,63,30:27,3.62,2.3,0.24,1.16,5.03,3,0.48,0.97,0.6,1.92,9.78,0.476
64e619699d80c6f3e1d0b1c3,robert williams,Robert Williams III,Alero y Pivot,2.08,240,2,,Boston Celtics,BOS,Boston,East,Atlantic,35,23:25,3.63,0,0.71,2.97,5.37,1.43,0.63,1.37,0.97,1.94,7.97,0.747
64e619aa06571c06e3743814,oscar robertson,Oscar Robertson,,No se dispone de esta información,,26,No se dispone de las estadisticas de este jugador en la temporada actual,Sacramento Kings,SAC,Sacramento,West,Pacific,,,,,,,,,,,,,,
64e619ab06571c06e3743815,russell westbrook,Russell Westbrook,Base y Escolta,1.91,200,13,,LA Clippers,LAC,LA,West,Pacific,73,29:08,5.92,1.22,2.82,1.22,4.58,7.55,1.04,0.44,3.49,2.22,15.88,0.436
64e619ad06571c06e3743816,jason kidd,Jason Kidd,,No se dispone de esta información,,7,No se dispone de las estadisticas de este jugador en la temporada actual,Dallas Mavericks,DAL,Dallas,West,Southwest,,,,,,,,,,,,,,
64e619ae06571c06e3743817,hakeem olajuwon,Hakeem Olajuwon,,No se dispone de esta información,,11,No se dispone de las estadisticas de este jugador en la temporada actual,Houston Rockets,HOU,Houston,West,Southwest,,,,,,,,,,,,,,
64e619af06571c06e3743818,kevin durant,Kevin Durant,Alero,2.06,240,24,,Phoenix Suns,PHX,Phoenix,West,Pacific,47,35:34,10.28,1.98,6.53,0.36,6.3,5,0.72,1.43,3.32,2.11,29.06,0.56
64e619b106571c06e3743819,dirk nowitzki,Dirk Nowitzki,Alero,2.13,245,7,No se dispone de las estadisticas de este jugador en la temporada actual,Dallas Mavericks,DAL,Dallas,West,Southwest,,,,,,,,,,,,,,
64e619b206571c06e374381a,karl malone,Karl Malone,,No se dispone de esta información,,29,No se dispone de las estadisticas de este jugador en la temporada actual,Utah Jazz,UTA,Utah,West,Northwest,,,,,,,,,,,,,,
64e619b406571c06e374381b,john stockton,John Stockton,,No se dispone de esta información,,29,No se dispone de las estadisticas de este jugador en la temporada actual,Utah Jazz,UTA,Utah,West,Northwest,,,,,,,,,,,,,,
64e619b506571c06e374381c,allen iverson,Allen Iverson,Base y Escolta,No se dispone de esta información,,23,No se dispone de las estadisticas de este jugador en la temporada actual,Philadelphia 76ers,PHI,Philadelphia,East,Atlantic,,,,,,,,,,,,,,
64e619b906571c06e374381d,john collins,John Collins,Alero y Pivot,2.08,235,1,,Atlanta Hawks,ATL,Atlanta,East,Southeast,72,29:54,5.04,0.99,2,1.11,5.36,1.21,0.58,1.01,1.1,3.11,13.07,0.508
64e619ba06571c06e374381e,jrue holiday,Jrue Holiday,Base y Escolta,1.93,205,17,,Milwaukee Bucks,MIL,Milwaukee,East,Central,67,32:33,7.31,2.36,2.27,1.16,3.91,7.39,1.16,0.37,2.94,1.73,19.25,0.479
64e619bc06571c06e374381f,john wall,John Wallace,,No se dispone de esta información,,20,No se dispone de las estadisticas de este jugador en la temporada actual,New York Knicks,NYK,New York,East,Atlantic,,,,,,,,,,,,,,
64e619bd06571c06e3743820,christian wood,Christian Wood,Alero,2.08,214,7,,Dallas Mavericks,DAL,Dallas,West,Southwest,67,25:57,5.91,1.57,3.24,1.3,6.03,1.81,0.45,1.07,1.81,2.52,16.63,0.515
64e619bf06571c06e3743821,myles turner,Myles Turner,Alero y Pivot,2.11,250,12,,Indiana Pacers,IND,Indiana,East,Central,62,29:24,6.48,1.5,3.48,1.42,6.1,1.44,0.58,2.26,1.66,3.47,17.95,0.548
64e619c006571c06e3743822,malcolm brogdon,Malcolm Brogdon,Base y Escolta,1.96,229,2,,Boston Celtics,BOS,Boston,East,Atlantic,67,26:02,5.28,1.97,2.39,0.63,3.55,3.7,0.67,0.27,1.46,1.63,14.93,0.484
64e619c206571c06e3743823,d'angelo russell,D'Angelo Russell,Base y Escolta,1.96,198,14,,Los Angeles Lakers,LAL,Los Angeles,West,Pacific,72,32:22,6.19,2.69,2.49,0.49,2.54,6.18,0.99,0.42,2.6,1.94,17.57,0.466
64e619c306571c06e3743824,tobias harris,Tobias Harris,Alero,2.06,235,23,,Philadelphia 76ers,PHI,Philadelphia,East,Atlantic,74,32:57,5.72,1.7,1.53,0.91,4.82,2.51,0.92,0.54,1.2,2.01,14.66,0.501
64e619c506571c06e3743825,fred vanvleet,Fred VanVleet,Base y Escolta,1.83,195,28,,Toronto Raptors,TOR,Toronto,East,Atlantic,70,36:48,6.36,3.06,3.67,0.43,3.74,7.19,1.77,0.56,2.04,2.81,19.44,0.392
64e619c606571c06e3743826,ja morant,Ja Morant,Base y Escolta,No se dispone de esta información,,15,,Memphis Grizzlies,MEM,Memphis,West,Southwest,61,31:57,9.28,1.51,6.1,1,4.85,8.08,1.08,0.26,3.38,1.64,26.16,0.466
64e619c706571c06e3743827,lonzo ball,Lonzo Ball,Base y Escolta,1.98,190,5,No se dispone de las estadisticas de este jugador en la temporada actual,Chicago Bulls,CHI,Chicago,East,Central,,,,,,,,,,,,,,
64e619c906571c06e3743828,chris boucher,Chris Boucher,Alero,2.08,200,28,,Toronto Raptors,TOR,Toronto,East,Atlantic,77,19:52,3.39,0.81,1.66,2.04,3.44,0.38,0.61,0.82,0.53,1.87,9.25,0.492
64e619cb06571c06e3743829,collin sexton,Collin Sexton,Base y Escolta,1.88,190,29,,Utah Jazz,UTA,Utah,West,Northwest,48,23:51,4.94,1,3.4,0.77,1.42,2.88,0.56,0.13,1.77,2.33,14.27,0.506
64e619cc06571c06e374382a,pascal siakam,Pascal Siakam,Alero,2.06,230,28,,Toronto Raptors,TOR,Toronto,East,Atlantic,72,37:25,8.93,1.31,5.17,1.85,6,5.85,0.92,0.5,2.39,3.21,24.33,0.482
64e619cd06571c06e374382b,rj barrett,RJ Barrett,Alero y Base,No se dispone de esta información,,20,,New York Knicks,NYK,New York,East,Atlantic,73,33:57,6.99,1.66,3.97,0.82,4.22,2.75,0.42,0.21,2.25,2.45,19.6,0.434
64e619cf06571c06e374382c,zach lavine,Zach LaVine,Base y Escolta,1.96,200,5,,Chicago Bulls,CHI,Chicago,East,Central,79,36:02,8.75,2.61,4.8,0.54,3.95,4.2,0.9,0.23,2.57,2.06,24.9,0.483
64e619d206571c06e374382d,derrick rose,Derrick Rose,Base y Escolta,1.91,200,20,,New York Knicks,NYK,New York,East,Atlantic,27,12:33,2.26,0.7,0.41,0.3,1.19,1.7,0.26,0.19,0.81,0.67,5.63,0.384
64e619d406571c06e374382e,andre drummond,Andre Drummond,Pívot,2.11,279,5,,Chicago Bulls,CHI,Chicago,East,Central,69,12:29,2.46,0,0.97,2.04,4.52,0.48,0.65,0.42,1.09,1.7,5.9,0.607
64e619d506571c06e374382f,buddy hield,Buddy Hield,Base y Escolta,1.93,214,12,,Indiana Pacers,IND,Indiana,East,Central,80,31:05,5.94,3.6,1.33,0.84,4.16,2.81,1.15,0.33,1.74,1.95,16.8,0.458
64e619d606571c06e3743830,clint capela,Clint Capela,Pívot,2.08,240,1,,Atlanta Hawks,ATL,Atlanta,East,Southeast,66,26:38,5.33,0,1.2,4.03,7.15,0.89,0.68,1.23,0.83,2.12,11.86,0.653
64e619d806571c06e3743831,jarrett allen,Jarrett Allen,Pívot,2.11,237,6,,Cleveland Cavaliers,CLE,Cleveland,East,Central,68,32:45,5.93,0.01,2.38,3.25,6.54,1.66,0.79,1.24,1.37,2.25,14.25,0.644
64e619d906571c06e3743832,kyle kuzma,Kyle Kuzma,Alero,2.06,220,30,,Washington Wizards,WAS,Washington,East,Southeast,64,35:00,8,2.5,2.7,0.86,6.38,3.73,0.56,0.45,2.97,2.27,21.2,0.448
64e619da06571c06e3743833,darius garland,Darius Garland,Base y Escolta,No se dispone de esta información,,6,,Cleveland Cavaliers,CLE,Cleveland,East,Central,69,35:29,7.57,2.45,4.01,0.41,2.28,7.8,1.23,0.13,2.88,2.14,21.59,0.462
64e619dc06571c06e3743834,jerami grant,Jerami Grant,Alero,2.06,220,25,,Portland Trail Blazers,POR,Portland,West,Northwest,63,35:37,6.89,2.29,4.41,0.84,3.65,2.38,0.81,0.84,1.84,2.41,20.48,0.475
64e619dd06571c06e3743835,montrezl harrell,Montrezl Harrell,Alero y Pivot,2.03,240,23,,Philadelphia 76ers,PHI,Philadelphia,East,Atlantic,57,11:57,2.19,0,1.23,1.18,1.61,0.58,0.3,0.44,0.61,1.32,5.61,0.598
64e619de06571c06e3743836,michael carter-williams,Michael Carter-Williams,Base y Escolta,No se dispone de esta información,,22,,Orlando Magic,ORL,Orlando,East,Southeast,4,11:15,1.5,0.25,1,0.25,1,1.75,0.25,0.25,1,1.25,4.25,0.429
64e619e006571c06e3743837,jaxson hayes,Jaxson Hayes,Pívot,No se dispone de esta información,,19,,New Orleans Pelicans,NOP,New Orleans,West,Southwest,48,13:02,1.83,0.06,1.25,0.85,2.08,0.75,0.42,0.38,0.67,1.48,4.98,0.557
64e619e106571c06e3743838,evan mobley,Evan Mobley,Alero y Pivot,No se dispone de esta información,,6,,Cleveland Cavaliers,CLE,Cleveland,East,Central,79,34:25,6.65,0.28,2.59,2.37,6.63,2.84,0.76,1.51,1.86,2.76,16.16,0.554
64e619e306571c06e3743839,anthony edwards,Anthony Edwards,Base y Escolta,No se dispone de esta información,,18,,Minnesota Timberwolves,MIN,Minnesota,West,Northwest,81,36:10,8.86,2.67,3.98,0.6,5.27,4.46,1.58,0.77,3.27,2.36,24.37,0.455
64e619e406571c06e374383a,cole anthony,Cole Anthony,Base y Escolta,No se dispone de esta información,,22,,Orlando Magic,ORL,Orlando,East,Southeast,60,25:52,4.62,1.25,2.53,0.78,4.02,3.92,0.62,0.52,1.52,2.63,13.02,0.454
64e619e806571c06e374383b,james wiseman,James Wiseman,Pívot,No se dispone de esta información,,9,No se dispone de las estadisticas de este jugador en la temporada actual,No se dispone de la informacion del equipo de este jugador,,,,,,,,,,,,,,,,,,
64e61a0406571c06e374383c,jae'sean tate,Jae'Sean Tate,Alero,No se dispone de esta información,,11,,Houston Rockets,HOU,Houston,West,Southwest,31,21:44,3.55,0.42,1.61,1.32,2.48,2.71,0.68,0.23,1.52,3.42,9.13,0.48
64e61a0606571c06e374383d,richaun holmes,Richaun Holmes,Alero y Pivot,2.08,235,26,,Sacramento Kings,SAC,Sacramento,West,Pacific,42,8:14,1.31,0.12,0.36,0.69,1.21,0.21,0.1,0.26,0.33,1.19,3.1,0.618
64e61a0706571c06e374383e,daniel gafford,Daniel Gafford,Alero,No se dispone de esta información,,30,,Washington Wizards,WAS,Washington,East,Southeast,78,20:33,3.71,0,1.63,2.09,3.46,1.08,0.44,1.27,1.09,2.4,9.04,0.732
64e61a0806571c06e374383f,aaron holiday,Aaron Holiday,Base y Escolta,1.85,185,1,,Atlanta Hawks,ATL,Atlanta,East,Southeast,63,13:26,1.46,0.57,0.43,0.4,0.78,1.41,0.59,0.19,0.59,1.25,3.92,0.418
64e61a0a06571c06e3743840,malik monk,Malik Monk,Base y Escolta,1.91,200,26,,Sacramento Kings,SAC,Sacramento,West,Pacific,77,22:20,4.64,1.86,2.39,0.42,2.22,3.87,0.64,0.26,1.9,1.62,13.52,0.448
64e61a0b06571c06e3743841,dwight howard,Dwight Howard,Pívot,2.11,265,14,No se dispone de las estadisticas de este jugador en la temporada actual,Los Angeles Lakers,LAL,Los Angeles,West,Pacific,,,,,,,,,,,,,,
64e61a0c06571c06e3743842,jabari parker,Jabari Parker,Alero,2.03,245,2,No se dispone de las estadisticas de este jugador en la temporada actual,Boston Celtics,BOS,Boston,East,Atlantic,,,,,,,,,,,,,,
64e61a0e06571c06e3743843,moses brown,Moses Brown,Pívot,No se dispone de esta información,,3,,Brooklyn Nets,BKN,Brooklyn,East,Atlantic,36,8:10,1.69,0,0.92,1.58,2.28,0.11,0.11,0.39,0.42,1.08,4.31,0.635
64e61a0f06571c06e3743844,josh okogie,Josh Okogie,Base y Escolta,1.93,212,24,,Phoenix Suns,PHX,Phoenix,West,Pacific,72,18:42,2.25,0.92,1.93,1.51,1.97,1.46,0.78,0.47,0.88,1.58,7.35,0.391
64e61a1106571c06e3743845,tyrese maxey,Tyrese Maxey,Base y Escolta,No se dispone de esta información,,23,,Philadelphia 76ers,PHI,Philadelphia,East,Atlantic,60,33:39,7.32,2.67,3,0.38,2.55,3.53,0.82,0.13,1.33,2.2,20.3,0.481
64e61a1206571c06e3743846,isaiah stewart,Isaiah Stewart,Alero y Pivot,No se dispone de esta información,,9,,Detroit Pistons,DET,Detroit,East,Central,50,28:15,3.9,1.34,2.2,2.3,5.76,1.4,0.4,0.68,1.36,2.66,11.34,0.442
64e61a1306571c06e3743847,saddiq bey,Saddiq Bey,Alero,No se dispone de esta información,,1,,Atlanta Hawks,ATL,Atlanta,East,Southeast,78,27:40,4.62,1.97,2.63,1.31,3.41,1.51,0.9,0.18,0.91,1.6,13.83,0.422
64e61a1406571c06e3743848,alex caruso,Alex Caruso,Base y Escolta,1.96,186,5,,Chicago Bulls,CHI,Chicago,East,Central,69,23:41,2.03,0.87,0.86,0.64,2.29,2.88,1.46,0.71,1.13,2.46,5.78,0.459
64e61a1606571c06e3743849,patrick williams,Patrick Williams,Alero,No se dispone de esta información,,5,,Chicago Bulls,CHI,Chicago,East,Central,84,28:12,3.8,1.39,1.07,0.95,2.99,1.21,0.89,0.86,1.23,1.8,10.06,0.461
64e61a1706571c06e374384a,cameron johnson,Cameron Johnson,Alero,No se dispone de esta información,,3,,Brooklyn Nets,BKN,Brooklyn,East,Atlantic,42,28:30,5.31,2.45,2.4,0.81,3.6,1.86,1.19,0.33,0.88,1.98,15.48,0.47
64e61a1806571c06e374384b,grayson allen,Grayson Allen,Base y Escolta,1.96,198,17,,Milwaukee Bucks,MIL,Milwaukee,East,Central,72,27:24,3.4,2.03,1.58,0.85,2.44,2.26,0.86,0.19,1,1.63,10.42,0.44
64e61a1a06571c06e374384c,brandon clarke,Brandon Clarke,Alero,No se dispone de esta información,,15,,Memphis Grizzlies,MEM,Memphis,West,Southwest,56,19:30,4.09,0.02,1.77,1.64,3.89,1.29,0.61,0.66,0.98,2.34,9.96,0.656
64e61a1b06571c06e374384d,kevin knox,Kevin Knox,Alero,2.06,215,25,,Portland Trail Blazers,POR,Portland,West,Northwest,63,14:59,2.41,1.03,0.73,0.54,2.27,0.52,0.38,0.19,0.79,1.51,6.59,0.458
64e61a1c06571c06e374384e,allonzo trier,Allonzo Trier,Base y Escolta,1.96,200,20,No se dispone de las estadisticas de este jugador en la temporada actual,New York Knicks,NYK,New York,East,Atlantic,,,,,,,,,,,,,,
64e61a1e06571c06e374384f,troy brown jr.,Troy Brown Jr.,Alero,2.01,215,14,,Los Angeles Lakers,LAL,Los Angeles,West,Pacific,77,24:23,2.61,1.39,0.44,0.81,3.25,1.26,0.79,0.21,0.65,1.56,7.05,0.428
64e61a4b06571c06e3743850,dillon brooks,Dillon Brooks,Alero y Base,1.98,220,15,,Memphis Grizzlies,MEM,Memphis,West,Southwest,73,30:18,5.37,1.96,1.64,0.62,2.73,2.59,0.89,0.22,1.42,3.29,14.34,0.396
64e61a4d06571c06e3743851,rudy gay,Rudy Gay,Alero,2.03,230,29,,Utah Jazz,UTA,Utah,West,Northwest,56,14:34,1.95,0.59,0.75,0.59,2.32,1.02,0.34,0.32,0.66,1.21,5.23,0.38
64e61ad3b0ad184630cf3770,andrew wiggins,Andrew Wiggins,Alero y Base,2.03,194,10,,Golden State Warriors,GSW,Golden State,West,Pacific,37,32:09,6.76,2.41,1.19,1.65,3.38,2.3,1.22,0.76,1.3,2.89,17.11,0.473
64e61ad5b0ad184630cf3771,marvin bagley iii,Marvin Bagley III,Alero,2.11,234,9,,Detroit Pistons,DET,Detroit,East,Central,42,23:32,4.81,0.45,1.93,2.24,4.17,0.86,0.45,0.71,1.1,1.93,12,0.529
64e61ad6b0ad184630cf3772,de'andre hunter,De'Andre Hunter,Alero,No se dispone de esta información,,1,,Atlanta Hawks,ATL,Atlanta,East,Southeast,68,31:33,5.6,1.47,2.54,0.69,3.57,1.41,0.51,0.25,1.22,3,15.22,0.458
64e61ad7b0ad184630cf3773,rui hachimura,Rui Hachimura,Alero,No se dispone de esta información,,14,,Los Angeles Lakers,LAL,Los Angeles,West,Pacific,64,23:19,4.48,0.83,1.44,0.84,3.61,0.91,0.3,0.41,0.84,1.14,11.23,0.485
64e61ad8b0ad184630cf3774,josh hart,Josh Hart,Base y Escolta,1.96,215,20,,New York Knicks,NYK,New York,East,Atlantic,76,32:16,3.62,0.8,1.74,1.87,5.93,3.82,1.16,0.28,1.54,2.57,9.78,0.529
64e61adab0ad184630cf3775,donte divincenzo,Donte DiVincenzo,Base y Escolta,1.93,203,10,,Golden State Warriors,GSW,Golden State,West,Pacific,72,26:17,3.26,2.08,0.81,1.11,3.4,3.5,1.35,0.15,1.56,1.85,9.42,0.435
64e61adbb0ad184630cf3776,coby white,Coby White,Base y Escolta,No se dispone de esta información,,5,,Chicago Bulls,CHI,Chicago,East,Central,76,23:30,3.58,1.75,0.8,0.21,2.64,2.8,0.74,0.09,1.01,1.7,9.71,0.447
64e61adcb0ad184630cf3777,lauri markkanen,Lauri Markkanen,Alero,2.13,240,29,,Utah Jazz,UTA,Utah,West,Northwest,66,34:24,8.65,3.03,5.29,1.97,6.67,1.86,0.64,0.58,1.92,2.08,25.62,0.499
64e61adeb0ad184630cf3778,mikal bridges,Mikal Bridges,Alero,2.01,210,3,,Brooklyn Nets,BKN,Brooklyn,East,Atlantic,83,35:44,7.14,2.04,3.81,0.95,3.43,3.29,1.1,0.73,1.53,1.92,20.13,0.468
64e61adfb0ad184630cf3779,desmond bane,Desmond Bane,Base y Escolta,No se dispone de esta información,,15,,Memphis Grizzlies,MEM,Memphis,West,Southwest,58,31:40,7.76,2.86,3.12,0.74,4.28,4.38,0.97,0.38,2.17,2.59,21.5,0.479
64e61ae0b0ad184630cf377a,tyrese haliburton,Tyrese Haliburton,Base y Escolta,No se dispone de esta información,,12,,Indiana Pacers,IND,Indiana,East,Central,56,33:32,7.36,2.88,3.13,0.59,3.07,10.45,1.63,0.45,2.52,1.23,20.71,0.49
64e61ae2b0ad184630cf377b,josh giddey,Josh Giddey,Base y Escolta,No se dispone de esta información,,21,,Oklahoma City Thunder,OKC,Oklahoma City,West,Northwest,78,31:20,7.08,1.01,1.46,1.96,5.9,6.19,0.74,0.41,2.76,1.83,16.63,0.479
64e61ae3b0ad184630cf377c,og anunoby,OG Anunoby,Alero,2.03,232,28,,Toronto Raptors,TOR,Toronto,East,Atlantic,68,35:44,6.25,2.12,2.1,1.41,3.53,1.97,1.9,0.75,1.96,3,16.72,0.473
64e61ae5b0ad184630cf377d,jordan poole,Jordan Poole,Base y Escolta,No se dispone de esta información,,10,,Golden State Warriors,GSW,Golden State,West,Pacific,82,30:00,6.71,2.61,4.4,0.39,2.35,4.5,0.77,0.26,3.06,2.61,20.43,0.43
64e61aebb0ad184630cf377e,deandre' bembry,DeAndre' Bembry,Alero,1.98,210,17,No se dispone de las estadisticas de este jugador en la temporada actual,Milwaukee Bucks,MIL,Milwaukee,East,Central,,,,,,,,,,,,,,
64e61aeeb0ad184630cf377f,mitchell robinson,Mitchell Robinson,Pívot,2.16,240,20,,New York Knicks,NYK,New York,East,Atlantic,59,26:57,3.19,0,1,4.53,4.88,0.9,0.95,1.85,0.69,2.71,7.37,0.671
64e61aefb0ad184630cf3780,serge ibaka,Serge Ibaka,Alero y Pivot,2.08,235,17,,Milwaukee Bucks,MIL,Milwaukee,East,Central,16,11:41,1.63,0.38,0.5,0.94,1.81,0.25,0.13,0.44,0.69,1.44,4.13,0.481
64e61af1b0ad184630cf3781,jordan clarkson,Jordan Clarkson,Base y Escolta,1.96,194,29,,Utah Jazz,UTA,Utah,West,Northwest,61,32:36,7.51,2.54,3.28,1.18,2.85,4.43,0.54,0.21,3.05,1.97,20.84,0.444
64e61af2b0ad184630cf3782,tomas satoransky,Tomas Satoransky,Alero y Base,2.01,210,30,No se dispone de las estadisticas de este jugador en la temporada actual,No se dispone de la informacion del equipo de este jugador,,,,,,,,,,,,,,,,,,
64e61af6b0ad184630cf3783,larry nance jr.,Larry Nance Jr.,Alero,2.06,230,19,,New Orleans Pelicans,NOP,New Orleans,West,Southwest,65,21:14,2.86,0.22,0.85,1.63,3.82,1.83,0.86,0.57,0.65,2.05,6.78,0.61
64e61af8b0ad184630cf3784,kevin huerter,Kevin Huerter,Base y Escolta,2.01,190,26,,Sacramento Kings,SAC,Sacramento,West,Pacific,75,29:24,5.6,2.73,1.27,0.56,2.79,2.95,1.07,0.32,1.29,2.41,15.2,0.485
64e61b03b0ad184630cf3785,mo bamba,Mo Bamba,Pívot,2.13,221,14,,Los Angeles Lakers,LAL,Los Angeles,West,Pacific,49,15:45,2.39,0.98,0.84,1.18,3.41,0.94,0.27,0.88,0.61,2.14,6.59,0.485
64e61b05b0ad184630cf3786,moritz wagner,Moritz Wagner,Pívot,2.11,245,22,,Orlando Magic,ORL,Orlando,East,Southeast,57,19:26,3.47,0.89,2.68,1.21,3.33,1.47,0.65,0.23,1.19,2.39,10.53,0.5
64e61b06b0ad184630cf3787,jacob evans,Jacob Evans,Base y Escolta,1.98,210,18,No se dispone de las estadisticas de este jugador en la temporada actual,Minnesota Timberwolves,MIN,Minnesota,West,Northwest,,,,,,,,,,,,,,
64e61b08b0ad184630cf3788,kris dunn,Kris Dunn,Base y Escolta,1.93,205,29,,Utah Jazz,UTA,Utah,West,Northwest,22,25:46,5.27,0.77,1.86,0.41,4.14,5.64,1.14,0.45,1.59,2.64,13.18,0.537
64e61b09b0ad184630cf3789,d.j. wilson,D.J. Wilson,Alero,2.08,231,28,No se dispone de las estadisticas de este jugador en la temporada actual,Toronto Raptors,TOR,Toronto,East,Atlantic,,,,,,,,,,,,,,
64e61b0bb0ad184630cf378a,evan turner,Evan Turner,Alero y Base,2.01,220,18,No se dispone de las estadisticas de este jugador en la temporada actual,Minnesota Timberwolves,MIN,Minnesota,West,Northwest,,,,,,,,,,,,,,
64e61b0cb0ad184630cf378b,jarrett culver,Jarrett Culver,Base y Escolta,No se dispone de esta información,,1,,Atlanta Hawks,ATL,Atlanta,East,Southeast,10,13:54,1.7,0.1,0.9,1,2.8,0.6,0.6,0.2,0.7,1.4,4.4,0.395
64e61b16b0ad184630cf378c,markelle fultz,Markelle Fultz,Base y Escolta,1.93,200,22,,Orlando Magic,ORL,Orlando,East,Southeast,60,29:38,5.82,0.45,1.87,1.15,2.75,5.68,1.45,0.43,2.32,2.18,13.95,0.514
64e61b17b0ad184630cf378d,deandre jordan,DeAndre Jordan,Pívot,2.11,265,8,,Denver Nuggets,DEN,Denver,West,Northwest,39,15:06,2.26,0.03,0.56,1.33,3.85,0.87,0.31,0.59,1.23,1.82,5.1,0.765
64e61b19b0ad184630cf378e,malik beasley,Malik Beasley,Base y Escolta,1.96,195,14,,Los Angeles Lakers,LAL,Los Angeles,West,Pacific,82,25:40,4.54,2.88,0.61,0.43,3.04,1.51,0.79,0.11,1.11,1.32,12.56,0.396
64e61b1ab0ad184630cf378f,nerlens noel,Nerlens Noel,Alero y Pivot,2.11,220,3,,Brooklyn Nets,BKN,Brooklyn,East,Atlantic,17,11:28,0.76,0.06,0.47,0.59,2.12,0.59,0.94,0.59,0.76,1.88,2.06,0.361
64e61b1cb0ad184630cf3790,dennis smith jr.,Dennis Smith Jr.,Base y Escolta,1.91,195,4,,Charlotte Hornets,CHA,Charlotte,East,Southeast,54,25:43,3.44,0.44,1.44,0.5,2.59,4.83,1.35,0.46,1.52,2.26,8.78,0.412
64e61b1db0ad184630cf3791,frank ntilikina,Frank Ntilikina,Base y Escolta,1.98,200,7,,Dallas Mavericks,DAL,Dallas,West,Southwest,47,13:01,1.02,0.36,0.47,0.15,1.17,1.23,0.34,0.15,0.64,1.38,2.87,0.364
64e61b1fb0ad184630cf3792,julius randle,Julius Randle,Alero,2.06,250,20,,New York Knicks,NYK,New York,East,Atlantic,77,35:35,8.55,2.83,5.22,1.83,8.13,4.1,0.64,0.27,2.81,3.03,25.14,0.459
64e61b21b0ad184630cf3793,reggie bullock,Reggie Bullock,Alero y Base,2.01,205,7,,Dallas Mavericks,DAL,Dallas,West,Southwest,78,30:20,2.46,1.94,0.33,0.41,3.22,1.38,0.69,0.17,0.47,2.13,7.19,0.409
64e61b22b0ad184630cf3794,carmelo anthony,Carmelo Anthony,Alero,No se dispone de esta información,,14,No se dispone de las estadisticas de este jugador en la temporada actual,Los Angeles Lakers,LAL,Los Angeles,West,Pacific,,,,,,,,,,,,,,
64e61b24b0ad184630cf3795,zach collins,Zach Collins,Alero y Pivot,2.13,235,27,,San Antonio Spurs,SAS,San Antonio,West,Southwest,63,22:54,4.51,0.87,1.71,1.84,4.54,2.86,0.59,0.78,2.05,3.16,11.6,0.518
64e61b581b6815f969c7239d,lou williams,Lou Williams,Base y Escolta,1.85,175,1,No se dispone de las estadisticas de este jugador en la temporada actual,Atlanta Hawks,ATL,Atlanta,East,Southeast,,,,,,,,,,,,,,
64e61b6f1b6815f969c7239e,hassan whiteside,Hassan Whiteside,Pívot,2.13,265,29,No se dispone de las estadisticas de este jugador en la temporada actual,Utah Jazz,UTA,Utah,West,Northwest,,,,,,,,,,,,,,
64e61b721b6815f969c7239f,tyus jones,Tyus Jones,Base y Escolta,1.88,196,15,,Memphis Grizzlies,MEM,Memphis,West,Southwest,80,24:13,3.89,1.51,1,0.35,2.15,5.21,1.04,0.08,0.93,0.4,10.29,0.438
